約定履歴照会 ,,,,,,,,,,,,,
,,,,,,,,,,,,,
商品指定,約定開始年月日,約定終了年月日,明細数,明細指定開始,明細指定終了,,,,,,,,
すべての商品,2024年12月5日,2026年1月4日,273,1,273,,,,,,,,
,,,,,,,,,,,,,
（注）明細数はご指定された期間の合計です。,,,,,,,,,,,,,
,,,,,,,,,,,,,
約定日,銘柄,銘柄コード,市場,取引,期限,預り,課税,約定数量,約定単価,手数料/諸経費等,税額,受渡日,受渡金額/決済損益
2024/12/6,村田製作所,6981,東証,信用新規売,6ヶ月, 特定 ,--,100,2510.5,--,--,2024/12/10,--
2024/12/6,住友商事,8053,東証,信用新規売,6ヶ月, 特定 ,--,200,3246,--,--,2024/12/10,--
2024/12/6,住友商事,8053,東証,信用返済売,6ヶ月, 特定 ,申告,100,3246,152,--,2024/12/10,-7552
2024/12/10,村田製作所,6981,東証,信用新規買,6ヶ月, 特定 ,--,100,2529,--,--,2024/12/12,--
2024/12/10,住友商事,8053,東証,信用新規買,6ヶ月, 特定 ,--,100,3357,--,--,2024/12/12,--
2024/12/10,村田製作所,6981,東証,信用返済買,6ヶ月, 特定 ,申告,100,2529,162,--,2024/12/12,3038
2024/12/11,村田製作所,6981,東証,信用返済売,6ヶ月, 特定 ,申告,100,2529.5,38,--,2024/12/13,12
2024/12/11,村田製作所,6981,東証,信用返済売,6ヶ月, 特定 ,申告,100,2529.5,176,--,2024/12/13,-2526
2024/12/12,村田製作所,6981,東証,信用新規買,6ヶ月, 特定 ,--,100,2550,--,--,2024/12/16,--
2024/12/12,村田製作所,6981,東証,信用返済買,6ヶ月, 特定 ,申告,100,2550,192,--,2024/12/16,908
2024/12/13,村田製作所,6981,東証,信用新規売,6ヶ月, 特定 ,--,100,2493,--,--,2024/12/17,--
2024/12/13,住友商事,8053,東証,信用新規売,6ヶ月, 特定 ,--,100,3337,--,--,2024/12/17,--
2024/12/16,住友商事,8053,東証,信用返済買,6ヶ月, 特定 ,申告,100,3332,20,--,2024/12/18,480
2024/12/17,住友商事,8053,東証,信用新規売,6ヶ月, 特定 ,--,100,3291,--,--,2024/12/19,--
2024/12/17,村田製作所,6981,東証,信用返済売,6ヶ月, 特定 ,申告,100,2470,78,--,2024/12/19,-8078
2024/12/17,住友商事,8053,東証,信用返済売,6ヶ月, 特定 ,申告,100,3291,25,--,2024/12/19,-4025
2024/12/17,住友商事,8053,東証,信用新規買,6ヶ月, 特定 ,--,100,3331,--,--,2024/12/19,--
2024/12/17,住友商事,8053,東証,信用返済買,6ヶ月, 特定 ,申告,100,3331,201,--,2024/12/19,-15501
2024/12/19,村田製作所,6981,東証,信用新規売,6ヶ月, 特定 ,--,100,2420.5,--,--,2024/12/23,--
2024/12/20,村田製作所,6981,東証,信用返済買,6ヶ月, 特定 ,申告,100,2440,60,--,2024/12/24,5240
2024/12/20,村田製作所,6981,東証,信用返済買,6ヶ月, 特定 ,申告,100,2440,113,--,2024/12/24,6937
2024/12/20,住友商事,8053,東証,信用返済買,6ヶ月, 特定 ,申告,100,3277,146,--,2024/12/24,-3246
2024/12/20,住友商事,8053,東証,信用返済買,6ヶ月, 特定 ,申告,100,3277,59,--,2024/12/24,1341
2024/12/30,住友商事,8053,東証,信用返済売,6ヶ月, 特定 ,申告,200,3428,3115,--,2025/1/7,7085
2025/1/6,村田製作所,6981,東証,信用新規売,6ヶ月, 特定 ,--,100,2527.5,--,--,2025/1/8,--
2025/1/7,村田製作所,6981,東証,信用新規買,6ヶ月, 特定 ,--,100,2618.5,--,--,2025/1/9,--
2025/1/7,村田製作所,6981,東証,信用返済買,6ヶ月, 特定 ,申告,100,2618.5,15,--,2025/1/9,-9115
2025/1/8,住友商事,8053,PTS（J）,信用返済売,6ヶ月, 特定 ,申告,100,3386,772,--,2025/1/10,2128
2025/1/9,村田製作所,6981,東証,信用新規売,6ヶ月, 特定 ,--,100,2571,--,--,2025/1/14,--
2025/1/10,村田製作所,6981,東証,信用新規売,6ヶ月, 特定 ,--,100,2561.5,--,--,2025/1/15,--
2025/1/14,住友商事,8053,東証,信用新規買,6ヶ月, 特定 ,--,100,3245,--,--,2025/1/16,--
2025/1/20,住友商事,8053,東証,信用新規買,6ヶ月, 特定 ,--,200,3259,--,--,2025/1/22,--
2025/1/20,村田製作所,6981,東証,信用返済買,6ヶ月, 特定 ,申告,100,2419,69,--,2025/1/22,15131
2025/1/21,村田製作所,6981,東証,信用返済買,6ヶ月, 特定 ,申告,100,2450,343,--,2025/1/23,-3293
2025/1/21,村田製作所,6981,東証,信用返済買,6ヶ月, 特定 ,申告,100,2450,69,--,2025/1/23,11081
2025/1/24,村田製作所,6981,東証,信用新規売,6ヶ月, 特定 ,--,200,2540.5,--,--,2025/1/28,--
2025/1/24,住友商事,8053,東証,信用返済売,6ヶ月, 特定 ,申告,100,3290,175,--,2025/1/28,2925
2025/1/24,住友商事,8053,東証,信用返済売,6ヶ月, 特定 ,申告,100,3290,323,--,2025/1/28,4177
2025/1/28,村田製作所,6981,東証,信用新規売,6ヶ月, 特定 ,--,100,2480,--,--,2025/1/30,--
2025/1/28,住友商事,8053,東証,信用新規買,6ヶ月, 特定 ,--,100,3313,--,--,2025/1/30,--
2025/1/29,村田製作所,6981,東証,信用新規買,6ヶ月, 特定 ,--,100,2517,--,--,2025/1/31,--
2025/1/29,村田製作所,6981,東証,信用返済買,6ヶ月, 特定 ,申告,200,2517,61,--,2025/1/31,4639
2025/1/30,村田製作所,6981,東証,信用新規売,6ヶ月, 特定 ,--,100,2496.5,--,--,2025/2/3,--
2025/1/31,村田製作所,6981,東証,信用新規売,6ヶ月, 特定 ,--,200,2469.5,--,--,2025/2/4,--
2025/1/31,住友商事,8053,東証,信用新規買,6ヶ月, 特定 ,--,100,3342,--,--,2025/2/4,--
2025/1/31,住友商事,8053,東証,信用返済買,6ヶ月, 特定 ,申告,100,3342,667,--,2025/2/4,-10267
2025/2/3,村田製作所,6981,東証,信用新規売,6ヶ月, 特定 ,--,100,2368,--,--,2025/2/5,--
2025/2/3,住友商事,8053,PTS（X）,信用返済売,6ヶ月, 特定 ,申告,100,3315.4,375,--,2025/2/5,5265
2025/2/3,住友商事,8053,PTS（X）,信用返済売,6ヶ月, 特定 ,申告,100,3315.3,177,--,2025/2/5,53
2025/2/4,村田製作所,6981,東証,信用返済買,6ヶ月, 特定 ,申告,100,2499.5,59,--,2025/2/6,-2009
2025/2/4,村田製作所,6981,東証,信用返済買,6ヶ月, 特定 ,申告,100,2499.5,30,--,2025/2/6,-330
2025/2/5,住友商事,8053,東証,信用返済売,6ヶ月, 特定 ,申告,100,3475,102,--,2025/2/7,13198
2025/2/7,村田製作所,6981,PTS（X）,信用新規買,6ヶ月, 特定 ,--,100,2520.1,--,--,2025/2/12,--
2025/2/7,村田製作所,6981,東証,信用返済買,6ヶ月, 特定 ,申告,100,2526.5,57,--,2025/2/12,-15907
2025/2/12,村田製作所,6981,東証,信用返済売,6ヶ月, 特定 ,申告,100,2683,57,--,2025/2/14,16233
2025/2/12,村田製作所,6981,東証,信用返済売,6ヶ月, 特定 ,申告,100,2683,289,--,2025/2/14,16311
2025/2/14,村田製作所,6981,東証,信用新規売,6ヶ月, 特定 ,--,100,2692,--,--,2025/2/18,--
2025/2/17,村田製作所,6981,東証,信用新規買,6ヶ月, 特定 ,--,100,2749,--,--,2025/2/19,--
2025/2/17,村田製作所,6981,東証,信用返済買,6ヶ月, 特定 ,申告,100,2749,16,--,2025/2/19,-5716
2025/2/19,村田製作所,6981,東証,信用返済売,6ヶ月, 特定 ,申告,100,2729.5,993,--,2025/2/21,10107
2025/2/20,ＥＮＥＯＳホールディングス,5020,東証,信用新規売,6ヶ月, 特定 ,--,200,846.1,--,--,2025/2/25,--
2025/2/25,村田製作所,6981,東証,信用新規売,6ヶ月, 特定 ,--,100,2659.5,--,--,2025/2/27,--
2025/2/27,ＥＮＥＯＳホールディングス,5020,東証,信用返済買,6ヶ月, 特定 ,申告,200,801.3,35,--,2025/3/3,8925
2025/3/3,ＭｏｎｏｔａＲＯ,3064,東証,信用新規買,6ヶ月, 特定 ,--,100,2552,--,--,2025/3/5,--
2025/3/3,村田製作所,6981,東証,信用新規買,6ヶ月, 特定 ,--,100,2568.5,--,--,2025/3/5,--
2025/3/5,ＭｏｎｏｔａＲＯ,3064,東証,信用返済売,6ヶ月, 特定 ,申告,100,2563.5,58,--,2025/3/7,1092
2025/3/6,村田製作所,6981,東証,信用新規買,6ヶ月, 特定 ,--,100,2593,--,--,2025/3/10,--
2025/3/6,村田製作所,6981,東証,信用返済買,6ヶ月, 特定 ,申告,100,2593,96,--,2025/3/10,6554
2025/3/10,村田製作所,6981,東証,信用新規買,6ヶ月, 特定 ,--,100,2638.5,--,--,2025/3/12,--
2025/3/10,村田製作所,6981,東証,信用返済買,6ヶ月, 特定 ,申告,100,2638.5,385,--,2025/3/12,-17285
2025/3/13,村田製作所,6981,東証,信用新規売,6ヶ月, 特定 ,--,100,2504,--,--,2025/3/17,--
2025/3/14,村田製作所,6981,東証,信用新規売,6ヶ月, 特定 ,--,200,2455.5,--,--,2025/3/18,--
2025/3/14,村田製作所,6981,東証,信用返済売,6ヶ月, 特定 ,申告,100,2455.5,275,--,2025/3/18,-11575
2025/3/17,村田製作所,6981,東証,信用返済買,6ヶ月, 特定 ,申告,100,2516,22,--,2025/3/19,-1222
2025/3/19,村田製作所,6981,東証,信用新規買,6ヶ月, 特定 ,--,100,2519.5,--,--,2025/3/24,--
2025/3/28,村田製作所,6981,東証,信用新規売,6ヶ月, 特定 ,--,200,2423,--,--,2025/4/1,--
2025/3/31,村田製作所,6981,東証,信用新規売,6ヶ月, 特定 ,--,100,2351,--,--,2025/4/2,--
2025/4/1,百五銀行,8368,東証,信用新規売,6ヶ月, 特定 ,--,300,727,--,--,2025/4/3,--
2025/4/1,村田製作所,6981,東証,信用返済買,6ヶ月, 特定 ,申告,100,2327.5,549,--,2025/4/3,13651
2025/4/2,村田製作所,6981,東証,信用返済買,6ヶ月, 特定 ,申告,200,2380.5,266,--,2025/4/4,14734
2025/4/2,百五銀行,8368,東証,信用返済買,6ヶ月, 特定 ,申告,300,727,13,--,2025/4/4,-13
2025/4/3,村田製作所,6981,東証,信用新規売,6ヶ月, 特定 ,--,200,2237.5,--,--,2025/4/7,--
2025/4/3,村田製作所,6981,東証,信用返済売,6ヶ月, 特定 ,申告,100,2237.5,344,--,2025/4/7,-28544
2025/4/4,村田製作所,6981,東証,信用新規売,6ヶ月, 特定 ,--,100,2149.5,--,--,2025/4/8,--
2025/4/8,村田製作所,6981,東証,信用返済買,6ヶ月, 特定 ,申告,100,2002.5,19,--,2025/4/10,14681
2025/4/8,村田製作所,6981,東証,信用返済買,6ヶ月, 特定 ,申告,100,2002.5,26,--,2025/4/10,23474
2025/4/9,村田製作所,6981,東証,信用新規売,6ヶ月, 特定 ,--,200,1931,--,--,2025/4/11,--
2025/4/9,村田製作所,6981,東証,信用返済売,6ヶ月, 特定 ,申告,100,1931,3957,--,2025/4/11,-91007
2025/4/9,村田製作所,6981,東証,信用返済買,6ヶ月, 特定 ,申告,200,1870.5,160,--,2025/4/11,110340
2025/4/9,村田製作所,6981,東証,信用返済買,6ヶ月, 特定 ,申告,100,1870.5,70,--,2025/4/11,47980
2025/4/10,村田製作所,6981,東証,信用新規買,6ヶ月, 特定 ,--,100,2089.5,--,--,2025/4/14,--
2025/4/10,村田製作所,6981,東証,信用返済買,6ヶ月, 特定 ,申告,100,2089.5,53,--,2025/4/14,14747
2025/4/17,村田製作所,6981,東証,信用新規買,6ヶ月, 特定 ,--,100,2084,--,--,2025/4/21,--
2025/4/22,村田製作所,6981,東証,信用新規売,6ヶ月, 特定 ,--,200,2028.5,--,--,2025/4/24,--
2025/4/23,村田製作所,6981,東証,信用返済買,6ヶ月, 特定 ,申告,100,2074.5,12,--,2025/4/25,-4612
2025/4/24,村田製作所,6981,東証,信用新規買,6ヶ月, 特定 ,--,100,2142,--,--,2025/4/28,--
2025/4/24,村田製作所,6981,東証,信用返済買,6ヶ月, 特定 ,申告,100,2142,30,--,2025/4/28,-11380
2025/4/28,村田製作所,6981,東証,信用返済売,6ヶ月, 特定 ,申告,100,2200.5,175,--,2025/5/1,11475
2025/4/28,村田製作所,6981,東証,信用返済売,6ヶ月, 特定 ,申告,100,2200.5,288,--,2025/5/1,10812
2025/4/28,村田製作所,6981,東証,信用返済売,6ヶ月, 特定 ,申告,100,2200.5,65,--,2025/5/1,5785
2025/5/1,村田製作所,6981,東証,信用新規売,6ヶ月, 特定 ,--,100,1930.5,--,--,2025/5/7,--
2025/5/2,村田製作所,6981,東証,信用返済買,6ヶ月, 特定 ,申告,100,1991,11,--,2025/5/8,-6061
2025/5/8,村田製作所,6981,東証,信用新規売,6ヶ月, 特定 ,--,200,2005.5,--,--,2025/5/12,--
2025/5/12,村田製作所,6981,東証,信用新規買,6ヶ月, 特定 ,--,100,2071.5,--,--,2025/5/14,--
2025/5/12,村田製作所,6981,東証,信用返済買,6ヶ月, 特定 ,申告,100,2071.5,18,--,2025/5/14,-6618
2025/5/12,村田製作所,6981,東証,信用返済買,6ヶ月, 特定 ,申告,100,2030,18,--,2025/5/14,-2468
2025/5/15,村田製作所,6981,東証,信用新規売,6ヶ月, 特定 ,--,300,2047.5,--,--,2025/5/19,--
2025/5/15,村田製作所,6981,東証,信用返済売,6ヶ月, 特定 ,申告,100,2047.5,95,--,2025/5/19,-2495
2025/5/19,村田製作所,6981,東証,信用新規買,6ヶ月, 特定 ,--,200,2081,--,--,2025/5/21,--
2025/5/19,村田製作所,6981,東証,信用返済買,6ヶ月, 特定 ,申告,100,2081,18,--,2025/5/21,-3368
2025/5/19,村田製作所,6981,PTS（X）,信用返済買,6ヶ月, 特定 ,申告,200,2040,37,--,2025/5/21,1463
2025/5/21,村田製作所,6981,東証,信用新規買,6ヶ月, 特定 ,--,100,2078,--,--,2025/5/23,--
2025/5/26,村田製作所,6981,東証,信用新規売,6ヶ月, 特定 ,--,200,2066,--,--,2025/5/28,--
2025/5/28,村田製作所,6981,東証,信用新規買,6ヶ月, 特定 ,--,100,2108.5,--,--,2025/5/30,--
2025/5/28,村田製作所,6981,東証,信用新規買,6ヶ月, 特定 ,--,100,2108.5,--,--,2025/5/30,--
2025/5/28,村田製作所,6981,東証,信用返済買,6ヶ月, 特定 ,申告,200,2108.5,37,--,2025/5/30,-8537
2025/5/30,村田製作所,6981,東証,信用新規売,6ヶ月, 特定 ,--,100,2132,--,--,2025/6/3,--
2025/5/30,村田製作所,6981,東証,信用返済売,6ヶ月, 特定 ,申告,100,2151,80,--,2025/6/3,4170
2025/5/30,村田製作所,6981,東証,信用返済売,6ヶ月, 特定 ,申告,200,2151,446,--,2025/6/3,13554
2025/5/30,村田製作所,6981,東証,信用返済売,6ヶ月, 特定 ,申告,100,2151,191,--,2025/6/3,7109
2025/5/30,村田製作所,6981,東証,信用返済売,6ヶ月, 特定 ,申告,100,2151,80,--,2025/6/3,4170
2025/6/2,三越伊勢丹ホールディングス,3099,東証,信用新規売,6ヶ月, 特定 ,--,200,2187.5,--,--,2025/6/4,--
2025/6/2,マキタ,6586,東証,信用新規売,6ヶ月, 特定 ,--,200,4327,--,--,2025/6/4,--
2025/6/2,村田製作所,6981,東証,信用新規売,6ヶ月, 特定 ,--,100,2068.5,--,--,2025/6/4,--
2025/6/4,三越伊勢丹ホールディングス,3099,東証,信用返済買,6ヶ月, 特定 ,申告,200,2235,39,--,2025/6/6,-9539
2025/6/5,マキタ,6586,東証,信用新規売,6ヶ月, 特定 ,--,100,4290,--,--,2025/6/9,--
2025/6/6,三越伊勢丹ホールディングス,3099,東証,信用新規売,6ヶ月, 特定 ,--,200,2190.5,--,--,2025/6/10,--
2025/6/6,村田製作所,6981,東証,信用返済買,6ヶ月, 特定 ,申告,100,2081.5,51,--,2025/6/10,4999
2025/6/9,三越伊勢丹ホールディングス,3099,東証,信用新規売,6ヶ月, 特定 ,--,100,2173,--,--,2025/6/11,--
2025/6/9,三越伊勢丹ホールディングス,3099,東証,信用新規売,6ヶ月, 特定 ,--,100,2173,--,--,2025/6/11,--
2025/6/9,村田製作所,6981,東証,信用新規買,6ヶ月, 特定 ,--,100,2106,--,--,2025/6/11,--
2025/6/9,村田製作所,6981,東証,信用返済買,6ヶ月, 特定 ,申告,100,2106,49,--,2025/6/11,-3799
2025/6/10,マキタ,6586,東証,信用新規買,6ヶ月, 特定 ,--,200,4349,--,--,2025/6/12,--
2025/6/11,三越伊勢丹ホールディングス,3099,PTS（X）,信用新規買,6ヶ月, 特定 ,--,100,2289.9,--,--,2025/6/13,--
2025/6/11,三越伊勢丹ホールディングス,3099,PTS（X）,信用新規買,6ヶ月, 特定 ,--,100,2290.4,--,--,2025/6/13,--
2025/6/11,三越伊勢丹ホールディングス,3099,PTS（X）,信用新規買,6ヶ月, 特定 ,--,100,2290.2,--,--,2025/6/13,--
2025/6/11,三越伊勢丹ホールディングス,3099,PTS（X）,信用新規買,6ヶ月, 特定 ,--,100,2290,--,--,2025/6/13,--
2025/6/11,三越伊勢丹ホールディングス,3099,PTS（X）,信用返済買,6ヶ月, 特定 ,申告,100,2281.8,26,--,2025/6/13,-9156
2025/6/11,三越伊勢丹ホールディングス,3099,東証,信用返済買,6ヶ月, 特定 ,申告,100,2358,19,--,2025/6/13,-18519
2025/6/11,三越伊勢丹ホールディングス,3099,PTS（X）,信用返済買,6ヶ月, 特定 ,申告,100,2281.9,26,--,2025/6/13,-9166
2025/6/11,三越伊勢丹ホールディングス,3099,東証,信用返済買,6ヶ月, 特定 ,申告,100,2358,19,--,2025/6/13,-18519
2025/6/12,村田製作所,6981,東証,信用新規売,6ヶ月, 特定 ,--,100,2139.5,--,--,2025/6/16,--
2025/6/12,村田製作所,6981,PTS（X）,信用返済売,6ヶ月, 特定 ,申告,100,2148.1,96,--,2025/6/16,4114
2025/6/13,マキタ,6586,東証,信用新規売,6ヶ月, 特定 ,--,200,4302,--,--,2025/6/17,--
2025/6/13,村田製作所,6981,東証,信用新規売,6ヶ月, 特定 ,--,200,2081,--,--,2025/6/17,--
2025/6/13,マキタ,6586,東証,信用返済売,6ヶ月, 特定 ,申告,100,4302,200,--,2025/6/17,-4900
2025/6/17,村田製作所,6981,東証,信用返済買,6ヶ月, 特定 ,申告,100,2104.5,25,--,2025/6/19,3475
2025/6/18,三越伊勢丹ホールディングス,3099,東証,信用新規売,6ヶ月, 特定 ,--,200,2256,--,--,2025/6/20,--
2025/6/18,村田製作所,6981,東証,信用新規買,6ヶ月, 特定 ,--,100,2126,--,--,2025/6/20,--
2025/6/18,村田製作所,6981,東証,信用新規買,6ヶ月, 特定 ,--,100,2126,--,--,2025/6/20,--
2025/6/18,マキタ,6586,東証,信用返済買,6ヶ月, 特定 ,申告,200,4325,473,--,2025/6/20,-73
2025/6/18,マキタ,6586,東証,信用返済買,6ヶ月, 特定 ,申告,200,4325,103,--,2025/6/20,-4703
2025/6/18,村田製作所,6981,東証,信用返済買,6ヶ月, 特定 ,申告,200,2126,50,--,2025/6/20,-9050
2025/6/19,マキタ,6586,東証,信用新規売,6ヶ月, 特定 ,--,200,4238,--,--,2025/6/23,--
2025/6/19,マキタ,6586,東証,信用返済売,6ヶ月, 特定 ,申告,100,4238,400,--,2025/6/23,-11500
2025/6/20,村田製作所,6981,東証,信用新規売,6ヶ月, 特定 ,--,100,2063.5,--,--,2025/6/24,--
2025/6/20,村田製作所,6981,東証,信用返済売,6ヶ月, 特定 ,申告,100,2063.5,81,--,2025/6/24,-6331
2025/6/20,村田製作所,6981,東証,信用返済売,6ヶ月, 特定 ,申告,100,2063.5,81,--,2025/6/24,-6331
2025/6/20,村田製作所,6981,東証,信用返済売,6ヶ月, 特定 ,申告,100,2063.5,2513,--,2025/6/24,-55463
2025/6/23,三越伊勢丹ホールディングス,3099,東証,信用新規売,6ヶ月, 特定 ,--,100,2220,--,--,2025/6/25,--
2025/6/23,三越伊勢丹ホールディングス,3099,東証,信用返済売,6ヶ月, 特定 ,申告,100,2220,228,--,2025/6/25,-7228
2025/6/23,三越伊勢丹ホールディングス,3099,東証,信用返済売,6ヶ月, 特定 ,申告,100,2220,228,--,2025/6/25,-7268
2025/6/23,三越伊勢丹ホールディングス,3099,東証,信用返済売,6ヶ月, 特定 ,申告,100,2220,228,--,2025/6/25,-7218
2025/6/23,三越伊勢丹ホールディングス,3099,東証,信用返済売,6ヶ月, 特定 ,申告,100,2220,228,--,2025/6/25,-7248
2025/6/23,マキタ,6586,東証,信用返済買,6ヶ月, 特定 ,申告,200,4258,76,--,2025/6/25,-4076
2025/6/23,マキタ,6586,東証,信用返済買,6ヶ月, 特定 ,申告,100,4258,219,--,2025/6/25,2981
2025/6/25,村田製作所,6981,東証,信用返済買,6ヶ月, 特定 ,申告,100,2094,24,--,2025/6/27,-3074
2025/6/26,村田製作所,6981,東証,信用新規買,6ヶ月, 特定 ,--,100,2118,--,--,2025/6/30,--
2025/6/26,三越伊勢丹ホールディングス,3099,東証,信用返済買,6ヶ月, 特定 ,申告,200,2195.5,149,--,2025/6/30,11951
2025/6/26,三越伊勢丹ホールディングス,3099,東証,信用返済買,6ヶ月, 特定 ,申告,100,2195.5,40,--,2025/6/30,2410
2025/6/27,村田製作所,6981,東証,信用返済売,6ヶ月, 特定 ,申告,100,2163.5,16,--,2025/7/1,1134
2025/6/27,村田製作所,6981,東証,信用返済売,6ヶ月, 特定 ,申告,100,2163.5,32,--,2025/7/1,4518
2025/6/27,村田製作所,6981,東証,信用新規買,6ヶ月, 特定 ,--,100,2152,--,--,2025/7/1,--
2025/6/27,村田製作所,6981,東証,信用新規買,6ヶ月, 特定 ,--,100,2152,--,--,2025/7/1,--
2025/6/27,村田製作所,6981,東証,信用返済買,6ヶ月, 特定 ,申告,100,2152,697,--,2025/7/1,-22797
2025/6/30,村田製作所,6981,東証,信用新規売,6ヶ月, 特定 ,--,200,2154,--,--,2025/7/2,--
2025/7/3,村田製作所,6981,東証,信用新規買,6ヶ月, 特定 ,--,100,2156.5,--,--,2025/7/7,--
2025/7/3,村田製作所,6981,東証,信用返済買,6ヶ月, 特定 ,申告,200,2156.5,77,--,2025/7/7,-577
2025/7/7,村田製作所,6981,東証,信用新規売,6ヶ月, 特定 ,--,300,2086,--,--,2025/7/9,--
2025/7/8,村田製作所,6981,東証,信用返済買,6ヶ月, 特定 ,申告,200,2121.5,25,--,2025/7/10,-7125
2025/7/8,村田製作所,6981,東証,信用返済買,6ヶ月, 特定 ,申告,100,2121.5,12,--,2025/7/10,-3562
2025/7/9,村田製作所,6981,東証,信用新規買,6ヶ月, 特定 ,--,200,2153,--,--,2025/7/11,--
2025/7/18,村田製作所,6981,東証,信用新規売,6ヶ月, 特定 ,--,100,2165,--,--,2025/7/23,--
2025/7/18,村田製作所,6981,東証,信用返済売,6ヶ月, 特定 ,申告,100,2165,214,--,2025/7/23,986
2025/7/18,村田製作所,6981,東証,信用返済売,6ヶ月, 特定 ,申告,100,2165,214,--,2025/7/23,986
2025/7/18,村田製作所,6981,東証,信用返済売,6ヶ月, 特定 ,申告,100,2165,379,--,2025/7/23,921
2025/7/18,村田製作所,6981,東証,信用返済売,6ヶ月, 特定 ,申告,100,2165,281,--,2025/7/23,569
2025/7/23,村田製作所,6981,東証,信用返済買,6ヶ月, 特定 ,申告,100,2232.5,19,--,2025/7/25,-6769
2025/7/25,村田製作所,6981,東証,信用新規売,6ヶ月, 特定 ,--,100,2231,--,--,2025/7/29,--
2025/7/28,村田製作所,6981,東証,信用新規買,6ヶ月, 特定 ,--,100,2237.5,--,--,2025/7/30,--
2025/7/28,村田製作所,6981,東証,信用返済買,6ヶ月, 特定 ,申告,100,2237.5,13,--,2025/7/30,-663
2025/7/29,サイバーエージェント,4751,東証,信用新規売,6ヶ月, 特定 ,--,200,1522,--,--,2025/7/31,--
2025/7/30,村田製作所,6981,東証,信用返済売,6ヶ月, 特定 ,申告,100,2156.5,4063,--,2025/8/1,-63313
2025/7/30,村田製作所,6981,東証,信用返済売,6ヶ月, 特定 ,申告,100,2156.5,3389,--,2025/8/1,-51589
2025/7/30,村田製作所,6981,東証,信用返済売,6ヶ月, 特定 ,申告,100,2156.5,51,--,2025/8/1,-8151
2025/8/1,サイバーエージェント,4751,東証,信用返済買,6ヶ月, 特定 ,申告,200,1564,55,--,2025/8/5,-8455
2025/8/1,村田製作所,6981,東証,信用返済買,6ヶ月, 特定 ,申告,100,2308.5,790,--,2025/8/5,-38540
2025/8/26,ＡＬＳＯＫ,2331,東証,信用新規売,6ヶ月, 特定 ,--,300,1136.5,--,--,2025/8/28,--
2025/8/26,ＡＬＳＯＫ,2331,東証,信用新規買,6ヶ月, 特定 ,--,100,1136.5,--,--,2025/8/28,--
2025/8/29,ＡＬＳＯＫ,2331,東証,信用新規売,6ヶ月, 特定 ,--,100,1126.5,--,--,2025/9/2,--
2025/9/5,ＡＬＳＯＫ,2331,東証,信用新規買,6ヶ月, 特定 ,--,200,1163.5,--,--,2025/9/9,--
2025/9/8,ＡＬＳＯＫ,2331,東証,信用新規買,6ヶ月, 特定 ,--,200,1163.5,--,--,2025/9/10,--
2025/9/8,ＡＬＳＯＫ,2331,東証,信用返済買,6ヶ月, 特定 ,申告,200,1163.5,95,--,2025/9/10,-5495
2025/9/9,ＡＬＳＯＫ,2331,東証,信用返済売,6ヶ月, 特定 ,申告,100,1171.5,17,--,2025/9/11,783
2025/9/9,ＡＬＳＯＫ,2331,東証,信用返済売,6ヶ月, 特定 ,申告,100,1171.5,130,--,2025/9/11,3370
2025/9/10,ＡＬＳＯＫ,2331,東証,信用新規売,6ヶ月, 特定 ,--,300,1164.5,--,--,2025/9/12,--
2025/9/10,ＡＬＳＯＫ,2331,東証,信用返済売,6ヶ月, 特定 ,申告,100,1164.5,35,--,2025/9/12,65
2025/9/11,ＡＬＳＯＫ,2331,東証,信用新規買,6ヶ月, 特定 ,--,300,1179.5,--,--,2025/9/16,--
2025/9/12,ＡＬＳＯＫ,2331,東証,信用新規買,6ヶ月, 特定 ,--,100,1186.5,--,--,2025/9/17,--
2025/9/17,ＡＬＳＯＫ,2331,東証,信用新規売,6ヶ月, 特定 ,--,100,1164,--,--,2025/9/19,--
2025/9/17,ＡＬＳＯＫ,2331,東証,信用返済売,6ヶ月, 特定 ,申告,100,1164,98,--,2025/9/19,-48
2025/9/17,ＡＬＳＯＫ,2331,東証,信用返済売,6ヶ月, 特定 ,申告,100,1164,89,--,2025/9/19,-39
2025/9/19,ＡＬＳＯＫ,2331,東証,信用新規売,6ヶ月, 特定 ,--,200,1137.5,--,--,2025/9/24,--
2025/9/19,ＡＬＳＯＫ,2331,東証,信用返済売,6ヶ月, 特定 ,申告,200,1137.5,162,--,2025/9/24,-8562
2025/9/22,ＡＬＳＯＫ,2331,東証,信用新規売,6ヶ月, 特定 ,--,200,1137.5,--,--,2025/9/25,--
2025/9/22,ＡＬＳＯＫ,2331,東証,信用返済売,6ヶ月, 特定 ,申告,100,1137.5,90,--,2025/9/25,-4290
2025/9/29,ＡＬＳＯＫ,2331,東証,信用返済買,6ヶ月, 特定 ,申告,200,1122.5,74,--,2025/10/1,2926
2025/9/29,ＡＬＳＯＫ,2331,東証,信用返済買,6ヶ月, 特定 ,申告,100,1122.5,55,--,2025/10/1,4095
2025/9/29,ＡＬＳＯＫ,2331,東証,信用返済買,6ヶ月, 特定 ,申告,100,1122.5,80,--,2025/10/1,4120
2025/9/29,ＡＬＳＯＫ,2331,東証,信用返済買,6ヶ月, 特定 ,申告,200,1122.5,160,--,2025/10/1,8240
2025/9/29,ＡＬＳＯＫ,2331,東証,信用返済買,6ヶ月, 特定 ,申告,100,1122.5,33,--,2025/10/1,1467
2025/10/3,ＡＬＳＯＫ,2331,東証,信用返済買,6ヶ月, 特定 ,申告,100,1091.5,54,--,2025/10/7,4546
2025/10/3,ＡＬＳＯＫ,2331,東証,信用返済買,6ヶ月, 特定 ,申告,100,1091.5,260,--,2025/10/7,4240
2025/10/6,ＡＬＳＯＫ,2331,東証,信用新規買,6ヶ月, 特定 ,--,200,1105,--,--,2025/10/8,--
2025/10/6,ＡＬＳＯＫ,2331,東証,信用返済買,6ヶ月, 特定 ,申告,100,1105,245,--,2025/10/8,1905
2025/10/7,ＡＬＳＯＫ,2331,東証,信用返済売,6ヶ月, 特定 ,申告,100,1096.5,254,--,2025/10/9,-9254
2025/10/7,ＡＬＳＯＫ,2331,東証,信用返済売,6ヶ月, 特定 ,申告,200,1096.5,33,--,2025/10/9,-1733
2025/10/23,大平洋金属,5541,東証,信用新規買,6ヶ月, 特定 ,--,200,2041,--,--,2025/10/27,--
2025/10/27,大平洋金属,5541,東証,信用新規買,6ヶ月, 特定 ,--,300,2073,--,--,2025/10/29,--
2025/10/28,大平洋金属,5541,東証,信用新規売,6ヶ月, 特定 ,--,300,1990,--,--,2025/10/30,--
2025/10/30,大平洋金属,5541,東証,信用新規買,6ヶ月, 特定 ,--,200,2016,--,--,2025/11/4,--
2025/11/4,大平洋金属,5541,PTS（X）,信用新規売,6ヶ月, 特定 ,--,100,2181.2,--,--,2025/11/6,--
2025/11/4,大平洋金属,5541,東証,信用新規買,6ヶ月, 特定 ,--,200,2188,--,--,2025/11/6,--
2025/11/4,大平洋金属,5541,東証,信用新規買,6ヶ月, 特定 ,--,200,2117,--,--,2025/11/6,--
2025/11/7,大平洋金属,5541,東証,信用返済売,6ヶ月, 特定 ,申告,200,2088,247,--,2025/11/11,14153
2025/11/7,大平洋金属,5541,東証,信用返済売,6ヶ月, 特定 ,申告,200,2088,501,--,2025/11/11,8899
2025/11/7,大平洋金属,5541,東証,信用返済売,6ヶ月, 特定 ,申告,100,2088,222,--,2025/11/11,1278
2025/11/10,大平洋金属,5541,東証,信用新規買,6ヶ月, 特定 ,--,200,2178,--,--,2025/11/12,--
2025/11/10,大平洋金属,5541,東証,信用返済買,6ヶ月, 特定 ,申告,100,2178,46,--,2025/11/12,274
2025/11/12,大平洋金属,5541,東証,信用新規買,6ヶ月, 特定 ,--,200,2200,--,--,2025/11/14,--
2025/11/13,大平洋金属,5541,東証,信用新規買,6ヶ月, 特定 ,--,200,2274,--,--,2025/11/17,--
2025/11/17,大平洋金属,5541,東証,信用返済売,6ヶ月, 特定 ,申告,100,2263,234,--,2025/11/19,7266
2025/11/17,大平洋金属,5541,東証,信用返済売,6ヶ月, 特定 ,申告,200,2263,104,--,2025/11/19,-2304
2025/11/17,大平洋金属,5541,東証,信用返済売,6ヶ月, 特定 ,申告,200,2263,202,--,2025/11/19,12398
2025/11/18,大平洋金属,5541,東証,信用返済売,6ヶ月, 特定 ,申告,200,2195,731,--,2025/11/20,23669
2025/11/18,大平洋金属,5541,東証,信用返済売,6ヶ月, 特定 ,申告,200,2195,487,--,2025/11/20,15113
2025/11/20,大平洋金属,5541,東証,信用新規買,6ヶ月, 特定 ,--,200,2245,--,--,2025/11/25,--
2025/11/25,大平洋金属,5541,東証,信用新規買,6ヶ月, 特定 ,--,200,2306,--,--,2025/11/27,--
2025/12/1,大平洋金属,5541,東証,信用新規売,6ヶ月, 特定 ,--,200,2382,--,--,2025/12/3,--
2025/12/1,大平洋金属,5541,東証,信用返済売,6ヶ月, 特定 ,申告,200,2382,735,--,2025/12/3,40065
2025/12/1,大平洋金属,5541,東証,信用返済売,6ヶ月, 特定 ,申告,100,2382,469,--,2025/12/3,18931
2025/12/1,大平洋金属,5541,東証,信用返済売,6ヶ月, 特定 ,申告,100,2382,154,--,2025/12/3,13546
2025/12/2,大平洋金属,5541,東証,信用新規売,6ヶ月, 特定 ,--,200,2302,--,--,2025/12/4,--
2025/12/2,大平洋金属,5541,PTS（X）,信用返済売,6ヶ月, 特定 ,申告,100,2294.9,172,--,2025/12/4,4818
2025/12/2,大平洋金属,5541,東証,信用新規買,6ヶ月, 特定 ,--,100,2302,--,--,2025/12/4,--
2025/12/4,大平洋金属,5541,東証,信用新規買,6ヶ月, 特定 ,--,300,2319,--,--,2025/12/8,--
2025/12/4,大平洋金属,5541,東証,信用返済買,6ヶ月, 特定 ,申告,200,2319,86,--,2025/12/8,12514
2025/12/4,大平洋金属,5541,東証,信用返済買,6ヶ月, 特定 ,申告,100,2319,34,--,2025/12/8,-1734
2025/12/5,大平洋金属,5541,東証,信用新規買,6ヶ月, 特定 ,--,100,2330,--,--,2025/12/9,--
2025/12/5,大平洋金属,5541,東証,信用返済買,6ヶ月, 特定 ,申告,100,2330,41,--,2025/12/9,-2841
2025/12/9,大平洋金属,5541,東証,信用新規売,6ヶ月, 特定 ,--,300,2285,--,--,2025/12/11,--
2025/12/9,大平洋金属,5541,東証,信用返済売,6ヶ月, 特定 ,申告,100,2285,265,--,2025/12/11,-2365
2025/12/9,大平洋金属,5541,東証,信用返済売,6ヶ月, 特定 ,申告,100,2285,141,--,2025/12/11,-1841
2025/12/24,大平洋金属,5541,東証,信用新規売,6ヶ月, 特定 ,--,300,2165,--,--,2025/12/26,--
2025/12/24,大平洋金属,5541,PTS（X）,信用返済買,6ヶ月, 特定 ,申告,100,2229.5,110,--,2025/12/26,5440
2025/12/24,大平洋金属,5541,PTS（O）,信用返済買,6ヶ月, 特定 ,申告,100,2229.3,110,--,2025/12/26,5460
2025/12/24,大平洋金属,5541,PTS（X）,信用返済買,6ヶ月, 特定 ,申告,100,2229.3,110,--,2025/12/26,5460
2025/12/25,大平洋金属,5541,東証,信用新規買,6ヶ月, 特定 ,--,200,2217,--,--,2025/12/29,--
2025/12/30,大平洋金属,5541,PTS（O）,信用新規売,6ヶ月, 特定 ,--,100,2267.8,--,--,2026/1/6,--
2025/12/30,大平洋金属,5541,PTS（X）,信用返済売,6ヶ月, 特定 ,申告,100,2269.4,153,--,2026/1/6,5087
2025/12/30,大平洋金属,5541,PTS（X）,信用返済売,6ヶ月, 特定 ,申告,100,2251.5,153,--,2026/1/6,3297
2025/12/30,大平洋金属,5541,東証,信用新規買,6ヶ月, 特定 ,--,100,2266,--,--,2026/1/6,--
2025/12/30,大平洋金属,5541,東証,信用返済買,6ヶ月, 特定 ,申告,100,2266,6,--,2026/1/6,174
